--
-- PostgreSQL database dump
--

-- Dumped from database version 16.4
-- Dumped by pg_dump version 17.0

SET statement_timeout = 0;
SET lock_timeout = 0;
SET idle_in_transaction_session_timeout = 0;
SET transaction_timeout = 0;
SET client_encoding = 'UTF8';
SET standard_conforming_strings = on;
SELECT pg_catalog.set_config('search_path', '', false);
SET check_function_bodies = false;
SET xmloption = content;
SET client_min_messages = warning;
SET row_security = off;

SET default_tablespace = '';

SET default_table_access_method = heap;

--
-- Name: auth_group; Type: TABLE; Schema: public; Owner: default
--

CREATE TABLE public.auth_group (
    id integer NOT NULL,
    name character varying(150) NOT NULL
);


ALTER TABLE public.auth_group OWNER TO "default";

--
-- Name: auth_group_id_seq; Type: SEQUENCE; Schema: public; Owner: default
--

ALTER TABLE public.auth_group ALTER COLUMN id ADD GENERATED BY DEFAULT AS IDENTITY (
    SEQUENCE NAME public.auth_group_id_seq
    START WITH 1
    INCREMENT BY 1
    NO MINVALUE
    NO MAXVALUE
    CACHE 1
);


--
-- Name: auth_group_permissions; Type: TABLE; Schema: public; Owner: default
--

CREATE TABLE public.auth_group_permissions (
    id bigint NOT NULL,
    group_id integer NOT NULL,
    permission_id integer NOT NULL
);


ALTER TABLE public.auth_group_permissions OWNER TO "default";

--
-- Name: auth_group_permissions_id_seq; Type: SEQUENCE; Schema: public; Owner: default
--

ALTER TABLE public.auth_group_permissions ALTER COLUMN id ADD GENERATED BY DEFAULT AS IDENTITY (
    SEQUENCE NAME public.auth_group_permissions_id_seq
    START WITH 1
    INCREMENT BY 1
    NO MINVALUE
    NO MAXVALUE
    CACHE 1
);


--
-- Name: auth_permission; Type: TABLE; Schema: public; Owner: default
--

CREATE TABLE public.auth_permission (
    id integer NOT NULL,
    name character varying(255) NOT NULL,
    content_type_id integer NOT NULL,
    codename character varying(100) NOT NULL
);


ALTER TABLE public.auth_permission OWNER TO "default";

--
-- Name: auth_permission_id_seq; Type: SEQUENCE; Schema: public; Owner: default
--

ALTER TABLE public.auth_permission ALTER COLUMN id ADD GENERATED BY DEFAULT AS IDENTITY (
    SEQUENCE NAME public.auth_permission_id_seq
    START WITH 1
    INCREMENT BY 1
    NO MINVALUE
    NO MAXVALUE
    CACHE 1
);


--
-- Name: cooking_contact; Type: TABLE; Schema: public; Owner: default
--

CREATE TABLE public.cooking_contact (
    id bigint NOT NULL,
    full_name character varying(100) NOT NULL,
    email character varying(254) NOT NULL,
    message text NOT NULL,
    created_at timestamp with time zone NOT NULL,
    phone_number character varying NOT NULL,
    seen boolean NOT NULL
);


ALTER TABLE public.cooking_contact OWNER TO "default";

--
-- Name: cooking_contact_id_seq; Type: SEQUENCE; Schema: public; Owner: default
--

ALTER TABLE public.cooking_contact ALTER COLUMN id ADD GENERATED BY DEFAULT AS IDENTITY (
    SEQUENCE NAME public.cooking_contact_id_seq
    START WITH 1
    INCREMENT BY 1
    NO MINVALUE
    NO MAXVALUE
    CACHE 1
);


--
-- Name: cooking_cuisinecategory; Type: TABLE; Schema: public; Owner: default
--

CREATE TABLE public.cooking_cuisinecategory (
    id bigint NOT NULL,
    name character varying(50) NOT NULL
);


ALTER TABLE public.cooking_cuisinecategory OWNER TO "default";

--
-- Name: cooking_cuisinecategory_id_seq; Type: SEQUENCE; Schema: public; Owner: default
--

ALTER TABLE public.cooking_cuisinecategory ALTER COLUMN id ADD GENERATED BY DEFAULT AS IDENTITY (
    SEQUENCE NAME public.cooking_cuisinecategory_id_seq
    START WITH 1
    INCREMENT BY 1
    NO MINVALUE
    NO MAXVALUE
    CACHE 1
);


--
-- Name: cooking_dish; Type: TABLE; Schema: public; Owner: default
--

CREATE TABLE public.cooking_dish (
    id bigint NOT NULL,
    name character varying(100) NOT NULL,
    description text,
    cuisine_type character varying(50),
    created_at timestamp with time zone NOT NULL,
    image character varying(100),
    cooking_time integer,
    CONSTRAINT cooking_dish_cooking_time_check CHECK ((cooking_time >= 0))
);


ALTER TABLE public.cooking_dish OWNER TO "default";

--
-- Name: cooking_dish_id_seq; Type: SEQUENCE; Schema: public; Owner: default
--

ALTER TABLE public.cooking_dish ALTER COLUMN id ADD GENERATED BY DEFAULT AS IDENTITY (
    SEQUENCE NAME public.cooking_dish_id_seq
    START WITH 1
    INCREMENT BY 1
    NO MINVALUE
    NO MAXVALUE
    CACHE 1
);


--
-- Name: cooking_dishcategory; Type: TABLE; Schema: public; Owner: default
--

CREATE TABLE public.cooking_dishcategory (
    id bigint NOT NULL,
    category_id bigint NOT NULL,
    dish_id bigint NOT NULL
);


ALTER TABLE public.cooking_dishcategory OWNER TO "default";

--
-- Name: cooking_dishcategory_id_seq; Type: SEQUENCE; Schema: public; Owner: default
--

ALTER TABLE public.cooking_dishcategory ALTER COLUMN id ADD GENERATED BY DEFAULT AS IDENTITY (
    SEQUENCE NAME public.cooking_dishcategory_id_seq
    START WITH 1
    INCREMENT BY 1
    NO MINVALUE
    NO MAXVALUE
    CACHE 1
);


--
-- Name: cooking_dishingredient; Type: TABLE; Schema: public; Owner: default
--

CREATE TABLE public.cooking_dishingredient (
    id bigint NOT NULL,
    quantity character varying(50) NOT NULL,
    dish_id bigint NOT NULL,
    ingredient_id bigint NOT NULL
);


ALTER TABLE public.cooking_dishingredient OWNER TO "default";

--
-- Name: cooking_dishingredient_id_seq; Type: SEQUENCE; Schema: public; Owner: default
--

ALTER TABLE public.cooking_dishingredient ALTER COLUMN id ADD GENERATED BY DEFAULT AS IDENTITY (
    SEQUENCE NAME public.cooking_dishingredient_id_seq
    START WITH 1
    INCREMENT BY 1
    NO MINVALUE
    NO MAXVALUE
    CACHE 1
);


--
-- Name: cooking_dishreview; Type: TABLE; Schema: public; Owner: default
--

CREATE TABLE public.cooking_dishreview (
    id bigint NOT NULL,
    rating integer NOT NULL,
    review_text text,
    created_at timestamp with time zone NOT NULL,
    customer_id bigint NOT NULL,
    dish_id bigint NOT NULL
);


ALTER TABLE public.cooking_dishreview OWNER TO "default";

--
-- Name: cooking_dishreview_id_seq; Type: SEQUENCE; Schema: public; Owner: default
--

ALTER TABLE public.cooking_dishreview ALTER COLUMN id ADD GENERATED BY DEFAULT AS IDENTITY (
    SEQUENCE NAME public.cooking_dishreview_id_seq
    START WITH 1
    INCREMENT BY 1
    NO MINVALUE
    NO MAXVALUE
    CACHE 1
);


--
-- Name: cooking_ingredient; Type: TABLE; Schema: public; Owner: default
--

CREATE TABLE public.cooking_ingredient (
    id bigint NOT NULL,
    name character varying(100) NOT NULL,
    description text,
    created_at timestamp with time zone NOT NULL,
    image character varying(100)
);


ALTER TABLE public.cooking_ingredient OWNER TO "default";

--
-- Name: cooking_ingredient_id_seq; Type: SEQUENCE; Schema: public; Owner: default
--

ALTER TABLE public.cooking_ingredient ALTER COLUMN id ADD GENERATED BY DEFAULT AS IDENTITY (
    SEQUENCE NAME public.cooking_ingredient_id_seq
    START WITH 1
    INCREMENT BY 1
    NO MINVALUE
    NO MAXVALUE
    CACHE 1
);


--
-- Name: cooking_recipestep; Type: TABLE; Schema: public; Owner: default
--

CREATE TABLE public.cooking_recipestep (
    id bigint NOT NULL,
    step_number integer NOT NULL,
    instruction text NOT NULL,
    created_at timestamp with time zone NOT NULL,
    dish_id bigint NOT NULL
);


ALTER TABLE public.cooking_recipestep OWNER TO "default";

--
-- Name: cooking_recipestep_id_seq; Type: SEQUENCE; Schema: public; Owner: default
--

ALTER TABLE public.cooking_recipestep ALTER COLUMN id ADD GENERATED BY DEFAULT AS IDENTITY (
    SEQUENCE NAME public.cooking_recipestep_id_seq
    START WITH 1
    INCREMENT BY 1
    NO MINVALUE
    NO MAXVALUE
    CACHE 1
);


--
-- Name: cooking_user; Type: TABLE; Schema: public; Owner: default
--

CREATE TABLE public.cooking_user (
    id bigint NOT NULL,
    password character varying(128) NOT NULL,
    last_login timestamp with time zone,
    is_superuser boolean NOT NULL,
    username character varying(100),
    first_name character varying(150),
    last_name character varying(150),
    is_staff boolean NOT NULL,
    is_active boolean NOT NULL,
    date_joined timestamp with time zone NOT NULL,
    email character varying(254) NOT NULL,
    role character varying(2) NOT NULL
);


ALTER TABLE public.cooking_user OWNER TO "default";

--
-- Name: cooking_user_groups; Type: TABLE; Schema: public; Owner: default
--

CREATE TABLE public.cooking_user_groups (
    id bigint NOT NULL,
    user_id bigint NOT NULL,
    group_id integer NOT NULL
);


ALTER TABLE public.cooking_user_groups OWNER TO "default";

--
-- Name: cooking_user_groups_id_seq; Type: SEQUENCE; Schema: public; Owner: default
--

ALTER TABLE public.cooking_user_groups ALTER COLUMN id ADD GENERATED BY DEFAULT AS IDENTITY (
    SEQUENCE NAME public.cooking_user_groups_id_seq
    START WITH 1
    INCREMENT BY 1
    NO MINVALUE
    NO MAXVALUE
    CACHE 1
);


--
-- Name: cooking_user_id_seq; Type: SEQUENCE; Schema: public; Owner: default
--

ALTER TABLE public.cooking_user ALTER COLUMN id ADD GENERATED BY DEFAULT AS IDENTITY (
    SEQUENCE NAME public.cooking_user_id_seq
    START WITH 1
    INCREMENT BY 1
    NO MINVALUE
    NO MAXVALUE
    CACHE 1
);


--
-- Name: cooking_user_user_permissions; Type: TABLE; Schema: public; Owner: default
--

CREATE TABLE public.cooking_user_user_permissions (
    id bigint NOT NULL,
    user_id bigint NOT NULL,
    permission_id integer NOT NULL
);


ALTER TABLE public.cooking_user_user_permissions OWNER TO "default";

--
-- Name: cooking_user_user_permissions_id_seq; Type: SEQUENCE; Schema: public; Owner: default
--

ALTER TABLE public.cooking_user_user_permissions ALTER COLUMN id ADD GENERATED BY DEFAULT AS IDENTITY (
    SEQUENCE NAME public.cooking_user_user_permissions_id_seq
    START WITH 1
    INCREMENT BY 1
    NO MINVALUE
    NO MAXVALUE
    CACHE 1
);


--
-- Name: django_admin_log; Type: TABLE; Schema: public; Owner: default
--

CREATE TABLE public.django_admin_log (
    id integer NOT NULL,
    action_time timestamp with time zone NOT NULL,
    object_id text,
    object_repr character varying(200) NOT NULL,
    action_flag smallint NOT NULL,
    change_message text NOT NULL,
    content_type_id integer,
    user_id bigint NOT NULL,
    CONSTRAINT django_admin_log_action_flag_check CHECK ((action_flag >= 0))
);


ALTER TABLE public.django_admin_log OWNER TO "default";

--
-- Name: django_admin_log_id_seq; Type: SEQUENCE; Schema: public; Owner: default
--

ALTER TABLE public.django_admin_log ALTER COLUMN id ADD GENERATED BY DEFAULT AS IDENTITY (
    SEQUENCE NAME public.django_admin_log_id_seq
    START WITH 1
    INCREMENT BY 1
    NO MINVALUE
    NO MAXVALUE
    CACHE 1
);


--
-- Name: django_content_type; Type: TABLE; Schema: public; Owner: default
--

CREATE TABLE public.django_content_type (
    id integer NOT NULL,
    app_label character varying(100) NOT NULL,
    model character varying(100) NOT NULL
);


ALTER TABLE public.django_content_type OWNER TO "default";

--
-- Name: django_content_type_id_seq; Type: SEQUENCE; Schema: public; Owner: default
--

ALTER TABLE public.django_content_type ALTER COLUMN id ADD GENERATED BY DEFAULT AS IDENTITY (
    SEQUENCE NAME public.django_content_type_id_seq
    START WITH 1
    INCREMENT BY 1
    NO MINVALUE
    NO MAXVALUE
    CACHE 1
);


--
-- Name: django_migrations; Type: TABLE; Schema: public; Owner: default
--

CREATE TABLE public.django_migrations (
    id bigint NOT NULL,
    app character varying(255) NOT NULL,
    name character varying(255) NOT NULL,
    applied timestamp with time zone NOT NULL
);


ALTER TABLE public.django_migrations OWNER TO "default";

--
-- Name: django_migrations_id_seq; Type: SEQUENCE; Schema: public; Owner: default
--

ALTER TABLE public.django_migrations ALTER COLUMN id ADD GENERATED BY DEFAULT AS IDENTITY (
    SEQUENCE NAME public.django_migrations_id_seq
    START WITH 1
    INCREMENT BY 1
    NO MINVALUE
    NO MAXVALUE
    CACHE 1
);


--
-- Name: django_session; Type: TABLE; Schema: public; Owner: default
--

CREATE TABLE public.django_session (
    session_key character varying(40) NOT NULL,
    session_data text NOT NULL,
    expire_date timestamp with time zone NOT NULL
);


ALTER TABLE public.django_session OWNER TO "default";

--
-- Data for Name: auth_group; Type: TABLE DATA; Schema: public; Owner: default
--

COPY public.auth_group (id, name) FROM stdin;
\.


--
-- Data for Name: auth_group_permissions; Type: TABLE DATA; Schema: public; Owner: default
--

COPY public.auth_group_permissions (id, group_id, permission_id) FROM stdin;
\.


--
-- Data for Name: auth_permission; Type: TABLE DATA; Schema: public; Owner: default
--

COPY public.auth_permission (id, name, content_type_id, codename) FROM stdin;
1	Can add log entry	1	add_logentry
2	Can change log entry	1	change_logentry
3	Can delete log entry	1	delete_logentry
4	Can view log entry	1	view_logentry
5	Can add permission	2	add_permission
6	Can change permission	2	change_permission
7	Can delete permission	2	delete_permission
8	Can view permission	2	view_permission
9	Can add group	3	add_group
10	Can change group	3	change_group
11	Can delete group	3	delete_group
12	Can view group	3	view_group
13	Can add content type	4	add_contenttype
14	Can change content type	4	change_contenttype
15	Can delete content type	4	delete_contenttype
16	Can view content type	4	view_contenttype
17	Can add session	5	add_session
18	Can change session	5	change_session
19	Can delete session	5	delete_session
20	Can view session	5	view_session
21	Can add cuisine category	6	add_cuisinecategory
22	Can change cuisine category	6	change_cuisinecategory
23	Can delete cuisine category	6	delete_cuisinecategory
24	Can view cuisine category	6	view_cuisinecategory
25	Can add dish	7	add_dish
26	Can change dish	7	change_dish
27	Can delete dish	7	delete_dish
28	Can view dish	7	view_dish
29	Can add ingredient	8	add_ingredient
30	Can change ingredient	8	change_ingredient
31	Can delete ingredient	8	delete_ingredient
32	Can view ingredient	8	view_ingredient
33	Can add user	9	add_user
34	Can change user	9	change_user
35	Can delete user	9	delete_user
36	Can view user	9	view_user
37	Can add dish category	10	add_dishcategory
38	Can change dish category	10	change_dishcategory
39	Can delete dish category	10	delete_dishcategory
40	Can view dish category	10	view_dishcategory
41	Can add dish review	11	add_dishreview
42	Can change dish review	11	change_dishreview
43	Can delete dish review	11	delete_dishreview
44	Can view dish review	11	view_dishreview
45	Can add dish ingredient	12	add_dishingredient
46	Can change dish ingredient	12	change_dishingredient
47	Can delete dish ingredient	12	delete_dishingredient
48	Can view dish ingredient	12	view_dishingredient
49	Can add recipe step	13	add_recipestep
50	Can change recipe step	13	change_recipestep
51	Can delete recipe step	13	delete_recipestep
52	Can view recipe step	13	view_recipestep
53	Can add contact	14	add_contact
54	Can change contact	14	change_contact
55	Can delete contact	14	delete_contact
56	Can view contact	14	view_contact
\.


--
-- Data for Name: cooking_contact; Type: TABLE DATA; Schema: public; Owner: default
--

COPY public.cooking_contact (id, full_name, email, message, created_at, phone_number, seen) FROM stdin;
1	Hope Potter	geza@mailinator.com	Consectetur dolorem	2024-09-24 17:42:48.213434+00	01718318234	t
2	Alma Hood	gujog@mailinator.com	Non adipisci assumen	2024-09-24 17:45:15.863767+00	+1 (934) 151-1144	t
3	Macaulay Lynch	xixed@mailinator.com	Dolor recusandae Ei	2024-10-02 17:03:07.902861+00	+1 (715) 332-8453	t
\.


--
-- Data for Name: cooking_cuisinecategory; Type: TABLE DATA; Schema: public; Owner: default
--

COPY public.cooking_cuisinecategory (id, name) FROM stdin;
16	Main Course
17	Dessert
18	Side Dish
19	Salad
20	Soup
15	Appetizerr
21	Drinks
\.


--
-- Data for Name: cooking_dish; Type: TABLE DATA; Schema: public; Owner: default
--

COPY public.cooking_dish (id, name, description, cuisine_type, created_at, image, cooking_time) FROM stdin;
114	Spaghetti Carbonara	Classic Italian pasta with eggs, cheese, pancetta, and pepper.	Italian	2024-10-26 12:00:00+00	carbonara.jpg	30
117	Geoffrey Guerrero	Excepturi voluptate 	Aliquam quos dolore 	2024-10-02 16:22:40.896259+00		56
118	Lavinia Madden	Consequatur Dolorem	Deserunt in illum q	2024-10-02 16:23:23.617865+00	dish_pics/Screenshot_2024-09-22_230747.png	76
119	Acton Douglas	Reprehenderit volupt	Magnam sunt sequi of	2024-10-05 16:57:15.474584+00		67
120	Acton Douglas	Reprehenderit volupt	Magnam sunt sequi of	2024-10-05 17:02:22.724234+00		67
123	Gregory Preston	Ut cupidatat et dolo	Et fuga Quis do fug	2024-10-05 17:32:36.294277+00		96
124	test	fdsf	maroc	2024-10-05 23:19:26.848924+00		30
125	Macaulay Harrell	Qui quia pariatur A	Eveniet reiciendis 	2024-10-08 15:22:18.62319+00	dish_pics/Screenshot_2024-09-22_230747_Y9DI38U.png	89
126	Harriet Hoover	Consequuntur quis be	Blanditiis magni ius	2024-10-08 15:24:45.319515+00		48
127	Jena Dale	Ducimus soluta sint	Eu ullam ratione ab 	2024-10-08 15:26:07.516666+00	dish_pics/Screenshot_2024-09-22_230747_yYPQyEK.png	56
112	Beef Stroganoff	A rich and creamy beef dish with mushrooms and sour cream, served over egg noodles.	Russian	2024-09-19 16:09:41.567936+00	beef_stroganoff.jpg	145
113	Tiramisu	A classic Italian dessert made with coffee-soaked ladyfingers and mascarpone cheese.	Italian	2024-09-19 16:09:41.567936+00	tiramisu.jpg	49
84	Alone 2 de saad	Yourself drug member work so fly. No lay heavy there claim. They walk front new sometimes.\r\nYourself drug member work so fly. No lay heavy there claim. They walk front new sometimes.\r\nYourself drug member work so fly. No lay heavy there claim. They walk front new sometimes.Yourself drug member work so fly. No lay heavy there claim. They walk front new sometimes.\r\nYourself drug member work so fly. No lay heavy there claim. They walk front new sometimes.	Maroccain	2024-09-12 19:19:04.061774+00	dish_pics/Screenshot_2024-09-22_230747_iuV71PX.png	180
105	Pancakes	Fluffy and light pancakes served with maple syrup and fresh fruit.	American	2024-09-19 16:09:41.567936+00	pancakes.jpg	159
83	Family	Reach morning wind it garden city. Thing yet trade attack certainly social control especially.\nWind alone cut quality capital wall challenge candidate. Throw language out wide whose health.	French	2024-09-12 19:19:03.921208+00		122
85	Know	Training probably among wife fact me. Picture none for war north there book fish.\nMoney position seven tend court. Pressure left mission figure stop.\nPast behavior trip whatever.	Greek	2024-09-12 19:19:04.20595+00		112
86	Him	Her Mr water gas. Forget already describe since drive establish future local.	Japanese	2024-09-12 19:19:04.331573+00		111
87	Allow	Maybe especially debate available. Performance candidate method popular responsibility ok. Let section how point standard month. Your door cut mind same member.	Spanish	2024-09-12 19:19:04.523597+00		143
88	About	Table and today green author if. Young question material while international though information claim. Truth process whose. Market few put help.	Spanish	2024-09-12 19:19:04.682021+00		143
89	Stock	Value herself this language quickly. Song consumer cell church oil heart of. Message lay federal while glass.	Spanish	2024-09-12 19:19:04.912271+00		111
90	Already	Sport argue nothing bit amount boy. Without score sense nice.\nParticularly feeling with life near or area keep. Information range position forward.	French	2024-09-12 19:19:05.128653+00		129
91	Brother	Him size task such wind. Hotel can risk since word. Hold style its.\nAcross help up cause economy still.\nAir something throughout air than issue. We help final against nor.	American	2024-09-12 19:19:05.330122+00		143
92	Son	Expect choose unit about best sport artist. Back floor north recent whose another president.\nHundred week lot. Visit old water manage yet maintain tree. Couple appear happen brother nice visit.	French	2024-09-12 19:19:05.539305+00		160
93	Spaghetti Carbonara	A classic Italian pasta dish made with eggs, cheese, pancetta, and pepper.	Italian	2024-09-19 16:09:41.567936+00	carbonara.jpg	103
94	Chicken Curry	A spicy and flavorful curry made with tender chicken pieces and aromatic spices.	Indian	2024-09-19 16:09:41.567936+00	chicken_curry.jpg	129
95	Vegetable Stir-fry	A quick and healthy stir-fry with a variety of fresh vegetables and a savory sauce.	Asian	2024-09-19 16:09:41.567936+00	vegetable_stirfry.jpg	108
96	Beef Tacos	Delicious tacos filled with seasoned beef, lettuce, cheese, and salsa.	Mexican	2024-09-19 16:09:41.567936+00	beef_tacos.jpg	52
97	Margherita Pizza	A simple pizza topped with tomato sauce, fresh mozzarella, and basil.	Italian	2024-09-19 16:09:41.567936+00	margherita_pizza.jpg	57
98	Caesar Salad	A fresh salad with romaine lettuce, croutons, Parmesan cheese, and Caesar dressing.	American	2024-09-19 16:09:41.567936+00	caesar_salad.jpg	18
99	Sushi Rolls	Japanese sushi rolls with a variety of fillings, including fish, vegetables, and rice.	Japanese	2024-09-19 16:09:41.567936+00	sushi_rolls.jpg	37
100	BBQ Ribs	Tender pork ribs coated in a smoky barbecue sauce and slow-cooked to perfection.	American	2024-09-19 16:09:41.567936+00	bbq_ribs.jpg	89
101	Lentil Soup	A hearty and nutritious soup made with lentils, vegetables, and spices.	Mediterranean	2024-09-19 16:09:41.567936+00	lentil_soup.jpg	123
102	Chicken Alfredo	A creamy pasta dish made with chicken, fettuccine, and Alfredo sauce.	Italian	2024-09-19 16:09:41.567936+00	chicken_alfredo.jpg	76
103	Falafel Wrap	A delicious wrap filled with crispy falafel, fresh vegetables, and tahini sauce.	Middle Eastern	2024-09-19 16:09:41.567936+00	falafel_wrap.jpg	71
104	Greek Salad	A refreshing salad with cucumbers, tomatoes, olives, feta cheese, and a lemon-oregano dressing.	Greek	2024-09-19 16:09:41.567936+00	greek_salad.jpg	109
106	Pad Thai	A popular Thai noodle dish with shrimp, tofu, peanuts, and bean sprouts in a tangy sauce.	Thai	2024-09-19 16:09:41.567936+00	pad_thai.jpg	34
107	Chili Con Carne	A spicy beef and bean stew with tomatoes and chili peppers.	Tex-Mex	2024-09-19 16:09:41.567936+00	chili_con_carne.jpg	29
108	Eggplant Parmesan	Breaded and baked eggplant slices layered with marinara sauce and cheese.	Italian	2024-09-19 16:09:41.567936+00	eggplant_parmesan.jpg	143
109	Shrimp Scampi	A flavorful dish with shrimp sautéed in garlic, lemon, and butter.	Italian	2024-09-19 16:09:41.567936+00	shrimp_scampi.jpg	142
110	Quiche Lorraine	A savory tart with a creamy filling of eggs, cream, and bacon.	French	2024-09-19 16:09:41.567936+00	quiche_lorraine.jpg	146
111	Baked Ziti	Pasta baked with marinara sauce, ricotta cheese, and mozzarella.	Italian	2024-09-19 16:09:41.567936+00	baked_ziti.jpg	129
\.


--
-- Data for Name: cooking_dishcategory; Type: TABLE DATA; Schema: public; Owner: default
--

COPY public.cooking_dishcategory (id, category_id, dish_id) FROM stdin;
561	15	83
562	16	83
563	17	83
564	18	83
565	19	83
566	20	83
567	21	83
575	15	85
576	16	85
577	17	85
578	18	85
579	19	85
580	20	85
581	21	85
582	15	86
583	16	86
584	17	86
585	18	86
586	19	86
587	20	86
588	21	86
589	15	87
590	16	87
591	17	87
592	18	87
593	19	87
594	20	87
595	21	87
596	15	88
597	16	88
598	17	88
599	18	88
600	19	88
601	20	88
602	21	88
603	15	89
604	16	89
605	17	89
606	18	89
607	19	89
608	20	89
609	21	89
610	15	90
611	16	90
612	17	90
613	18	90
614	19	90
615	20	90
616	21	90
617	15	91
618	16	91
619	17	91
620	18	91
621	19	91
622	20	91
623	21	91
624	15	92
625	16	92
626	17	92
627	18	92
628	19	92
629	20	92
630	21	92
631	19	117
632	20	117
633	21	117
634	16	118
635	17	118
636	18	118
637	19	118
638	20	118
639	15	84
641	21	120
644	18	123
645	19	123
646	15	124
647	18	125
648	19	125
649	15	125
650	17	126
651	18	126
652	19	126
653	17	127
654	20	127
655	21	127
\.


--
-- Data for Name: cooking_dishingredient; Type: TABLE DATA; Schema: public; Owner: default
--

COPY public.cooking_dishingredient (id, quantity, dish_id, ingredient_id) FROM stdin;
1601	100g	83	41
1602	100g	83	42
1603	100g	83	43
1604	100g	83	44
1605	100g	83	45
1606	100g	83	46
1607	100g	83	47
1608	100g	83	48
1609	100g	83	49
1610	100g	83	50
1611	100g	83	51
1612	100g	83	52
1613	100g	83	53
1614	100g	83	54
1615	100g	83	55
1616	100g	83	56
1617	100g	83	57
1619	100g	83	59
1620	100g	83	60
1641	100g	85	41
1642	100g	85	42
1643	100g	85	43
1644	100g	85	44
1645	100g	85	45
1646	100g	85	46
1647	100g	85	47
1648	100g	85	48
1649	100g	85	49
1650	100g	85	50
1651	100g	85	51
1652	100g	85	52
1653	100g	85	53
1654	100g	85	54
1655	100g	85	55
1656	100g	85	56
1657	100g	85	57
1659	100g	85	59
1660	100g	85	60
1661	100g	86	41
1662	100g	86	42
1663	100g	86	43
1664	100g	86	44
1665	100g	86	45
1666	100g	86	46
1667	100g	86	47
1668	100g	86	48
1669	100g	86	49
1670	100g	86	50
1671	100g	86	51
1672	100g	86	52
1673	100g	86	53
1674	100g	86	54
1675	100g	86	55
1676	100g	86	56
1677	100g	86	57
1679	100g	86	59
1680	100g	86	60
1681	100g	87	41
1682	100g	87	42
1683	100g	87	43
1684	100g	87	44
1685	100g	87	45
1686	100g	87	46
1687	100g	87	47
1688	100g	87	48
1689	100g	87	49
1690	100g	87	50
1691	100g	87	51
1692	100g	87	52
1693	100g	87	53
1694	100g	87	54
1695	100g	87	55
1696	100g	87	56
1697	100g	87	57
1699	100g	87	59
1700	100g	87	60
1701	100g	88	41
1702	100g	88	42
1703	100g	88	43
1704	100g	88	44
1705	100g	88	45
1706	100g	88	46
1707	100g	88	47
1708	100g	88	48
1709	100g	88	49
1710	100g	88	50
1711	100g	88	51
1712	100g	88	52
1713	100g	88	53
1714	100g	88	54
1715	100g	88	55
1716	100g	88	56
1717	100g	88	57
1719	100g	88	59
1720	100g	88	60
1721	100g	89	41
1722	100g	89	42
1723	100g	89	43
1724	100g	89	44
1725	100g	89	45
1726	100g	89	46
1727	100g	89	47
1728	100g	89	48
1729	100g	89	49
1730	100g	89	50
1731	100g	89	51
1732	100g	89	52
1733	100g	89	53
1734	100g	89	54
1735	100g	89	55
1736	100g	89	56
1737	100g	89	57
1739	100g	89	59
1740	100g	89	60
1741	100g	90	41
1742	100g	90	42
1743	100g	90	43
1744	100g	90	44
1745	100g	90	45
1746	100g	90	46
1747	100g	90	47
1748	100g	90	48
1749	100g	90	49
1750	100g	90	50
1751	100g	90	51
1752	100g	90	52
1753	100g	90	53
1754	100g	90	54
1755	100g	90	55
1756	100g	90	56
1757	100g	90	57
1759	100g	90	59
1760	100g	90	60
1761	100g	91	41
1762	100g	91	42
1763	100g	91	43
1764	100g	91	44
1765	100g	91	45
1766	100g	91	46
1767	100g	91	47
1768	100g	91	48
1769	100g	91	49
1770	100g	91	50
1771	100g	91	51
1772	100g	91	52
1773	100g	91	53
1774	100g	91	54
1775	100g	91	55
1776	100g	91	56
1777	100g	91	57
1779	100g	91	59
1780	100g	91	60
1781	100g	92	41
1782	100g	92	42
1783	100g	92	43
1784	100g	92	44
1785	100g	92	45
1786	100g	92	46
1787	100g	92	47
1788	100g	92	48
1789	100g	92	49
1790	100g	92	50
1791	100g	92	51
1792	100g	92	52
1793	100g	92	53
1794	100g	92	54
1795	100g	92	55
1796	100g	92	56
1797	100g	92	57
1799	100g	92	59
1800	100g	92	60
1851		84	43
1852		84	45
1853		84	46
1854		84	47
1855		84	48
1856		84	49
1857		84	50
1858		84	51
1859		84	52
1860		84	53
1861		84	54
1862		84	55
1863		84	56
1864		84	59
1868	to be added	120	43
1869	to be added	120	48
1870	to be added	120	49
1871	to be added	120	55
1872	to be added	120	57
1874	to be added	120	59
1875	to be added	123	49
1876	to be added	123	50
1877	to be added	123	51
1878	to be added	123	52
1879	to be added	123	53
1880	to be added	123	54
1881	to be added	123	56
1882	to be added	123	59
1883	to be added	123	60
1884	to be added	124	42
1885	to be added	124	44
1886	to be added	127	45
1887	to be added	127	48
1888	to be added	127	51
1889	to be added	127	57
\.


--
-- Data for Name: cooking_dishreview; Type: TABLE DATA; Schema: public; Owner: default
--

COPY public.cooking_dishreview (id, rating, review_text, created_at, customer_id, dish_id) FROM stdin;
\.


--
-- Data for Name: cooking_ingredient; Type: TABLE DATA; Schema: public; Owner: default
--

COPY public.cooking_ingredient (id, name, description, created_at, image) FROM stdin;
42	Onion		2024-09-12 19:20:19.181697+00	\N
43	Garlic		2024-09-12 19:20:19.997902+00	\N
44	Chicken		2024-09-12 19:20:21.122257+00	\N
45	Beef		2024-09-12 19:20:22.261515+00	\N
46	Carrot		2024-09-12 19:20:23.760685+00	\N
47	Potato		2024-09-12 19:20:24.782448+00	\N
48	Pepper		2024-09-12 19:20:25.966186+00	\N
49	Salt		2024-09-12 19:20:26.570086+00	\N
50	Olive Oil		2024-09-12 19:20:28.161298+00	\N
51	Butter		2024-09-12 19:20:29.964542+00	\N
52	Cheese		2024-09-12 19:20:30.761817+00	\N
53	Milk		2024-09-12 19:20:32.027364+00	\N
54	Egg		2024-09-12 19:20:32.884453+00	\N
55	Lettuce		2024-09-12 19:20:33.680781+00	\N
56	Spinach		2024-09-12 19:20:34.64184+00	\N
57	Garlic Powder		2024-09-12 19:20:35.44464+00	\N
59	Paprika		2024-09-12 19:20:37.698004+00	\N
41	Tomato	this is tomato	2024-09-12 19:20:18.009043+00	
60	Soy Sauces	This is sauce	2024-09-12 19:20:38.735326+00	ingredient_pics/WhatsApp_Image_2024-09-20_at_17.51.15_985c593a.jpg
\.


--
-- Data for Name: cooking_recipestep; Type: TABLE DATA; Schema: public; Owner: default
--

COPY public.cooking_recipestep (id, step_number, instruction, created_at, dish_id) FROM stdin;
17	1	Preheat the oven to 375°F (190°C).	2024-09-19 16:03:36.804337+00	83
18	2	Mix flour, sugar, and salt in a bowl.	2024-09-19 16:03:36.804337+00	83
19	3	Add butter and eggs to the mixture and blend well.	2024-09-19 16:03:36.804337+00	83
20	4	Pour the batter into a greased pan and bake for 25 minutes.	2024-09-19 16:03:36.804337+00	83
21	1	Chop vegetables into small pieces.	2024-09-19 16:03:36.804337+00	84
22	2	Heat oil in a pan and sauté the vegetables for 10 minutes.	2024-09-19 16:03:36.804337+00	84
24	1	Cook pasta according to package instructions.	2024-09-19 16:03:36.804337+00	85
25	2	Prepare the sauce by combining tomatoes, garlic, and basil in a pan.	2024-09-19 16:03:36.804337+00	85
26	3	Combine the pasta with the sauce and serve.	2024-09-19 16:03:36.804337+00	85
27	1	Marinate chicken with spices for at least 1 hour.	2024-09-19 16:03:36.804337+00	86
28	2	Grill the chicken over medium heat for 20 minutes, turning occasionally.	2024-09-19 16:03:36.804337+00	86
29	3	Serve with a side of salad.	2024-09-19 16:03:36.804337+00	86
30	1	Preheat the grill to medium-high heat.	2024-09-19 16:03:36.804337+00	87
31	2	Season the fish fillets with salt and pepper.	2024-09-19 16:03:36.804337+00	87
32	3	Grill the fish for 5-7 minutes on each side.	2024-09-19 16:03:36.804337+00	87
23	3	Add spices and cook for another 5 minutes.	2024-09-19 16:03:36.804337+00	84
39	1	Ipsam in voluptas po	2024-10-05 16:13:36.076151+00	114
40	2	Proident ratione nu	2024-10-05 16:13:36.416591+00	114
41	3	Magnam dolorem expli	2024-10-05 16:13:36.695497+00	114
42	1	Sit est sit eaque p	2024-10-05 17:02:26.569497+00	120
43	2	Voluptas qui digniss	2024-10-05 17:02:26.769624+00	120
44	1	Reprehenderit sed ve	2024-10-05 17:32:41.201837+00	123
45	2	Nam repellendus Mag	2024-10-05 17:32:41.40076+00	123
46	1	test1	2024-10-05 23:19:26.920225+00	124
47	2	test	2024-10-05 23:19:26.923267+00	124
48	1	Reiciendis quia rem 	2024-10-08 15:26:09.508052+00	127
49	2	Quo nemo maiores in 	2024-10-08 15:26:09.639281+00	127
50	3	Autem et magni tenet	2024-10-08 15:26:09.762651+00	127
\.


--
-- Data for Name: cooking_user; Type: TABLE DATA; Schema: public; Owner: default
--

COPY public.cooking_user (id, password, last_login, is_superuser, username, first_name, last_name, is_staff, is_active, date_joined, email, role) FROM stdin;
1	pbkdf2_sha256$870000$jGSSBpFVxm62M2inBFO0HX$XUAPbEqL7SFBRs/W2PZlzdsqCpQXDwWw0qRmTqfZa2s=	2024-09-12 15:46:42.537855+00	t	admin@gmail.com			t	t	2024-09-12 15:45:43.488508+00	admin@gmail.com	AD
133	pbkdf2_sha256$870000$Omk1EjSI1UYCtcVRTM4oUD$e+jdBhB7tg1uP/F4ZvB8aTkLYcA5/2nftQNd3XD4dGY=	\N	t	\N			t	t	2024-09-12 19:18:45.528458+00	andrewgreene@example.org	AD
134	pbkdf2_sha256$870000$aY9UPgPIKnUPbrmLCScBRo$kFdaOgIYy7xPMuZLTPtapSNgTLeIGopzgzbfj6S/NhM=	\N	t	\N			t	t	2024-09-12 19:18:47.91679+00	jamesbrian@example.com	AD
135	pbkdf2_sha256$870000$PkAHOUwA5C7WSIlvrKYZsv$wuOoyPM3CmSVu8BNtgpUEYK/U2Gxs6aTf6Ng38oXNEM=	\N	f	\N			f	t	2024-09-12 19:18:49.967409+00	gcannon@example.org	CU
136	pbkdf2_sha256$870000$BzSPTwPUW1oJ8kUdD51heL$h4e680sXqyX/DmHwk7wW1u8i27QnalzbEiq5vLRN7kM=	\N	f	\N			f	t	2024-09-12 19:18:52.09228+00	adriennedavis@example.org	CU
138	pbkdf2_sha256$870000$Sw73YOXqPYTCyg8DaDmBrU$a8wajf0fB/FkyQMyZw8IfwgDuQEIv05FPjpVeeFxue4=	\N	f	\N			f	t	2024-09-12 19:18:56.290749+00	molinatravis@example.org	CU
139	pbkdf2_sha256$870000$hIsbk3JJleD6s9lDT9RTBM$8PVf22Aqm+N+QA0Ex50OiCITf0ndaRg2g8qFUjZJ9PQ=	\N	f	\N			f	t	2024-09-12 19:18:58.413583+00	ycontreras@example.com	CU
143	pbkdf2_sha256$260000$XkDhPZBGkOgf$0jpEYIwG2AKITvRzCR/Pg57vEeyW7TcqNO0it8N2VpE=	2024-10-01 19:37:29.666722+00	t	\N	\N	\N	t	t	2024-10-01 19:37:29.666722+00	admin@example.com	AD
144	pbkdf2_sha256$260000$XkDhPZBGkOgf$0jpEYIwG2AKITvRzCR/Pg57vEeyW7TcqNO0it8N2VpE=	2024-10-01 19:37:29.666722+00	f	customer1	\N	\N	f	t	2024-10-01 19:37:29.666722+00	customer1@example.com	CU
132	pbkdf2_sha256$870000$d0rgXfVr4tt87ak82pMwbt$nEAuCTwGXvbBRY/BxwcnTP2rpdzR9+C3vwvJAl4Exrc=	2024-10-02 13:55:44.811841+00	t	\N			t	t	2024-09-12 19:18:43.197488+00	nicolascameron@example.org	AD
147	pbkdf2_sha256$870000$0AU4GymxgJSs3BeHx9e45M$OLHto5+cH8Fu0Q4n0zs6vCDh9VYUwIh5W77ND//VGd8=	\N	f	cebefo	Latifah	Delacruz	f	t	2024-10-02 14:15:21.089276+00	laqe@mailinator.com	CU
148	pbkdf2_sha256$870000$rbq5aYQaHqRIPnVVUoE0gZ$m02Y82LhpD7pSxBqhZH1e9ZLu+eUDCIXOkBbJBpfeV0=	\N	f	cusovilat	Sydney	Ortega	f	t	2024-10-02 14:16:45.411413+00	xovyjowaku@mailinator.com	CU
149	pbkdf2_sha256$870000$zghyn2TESILD5D7BTuFIdV$mT+eDG2sFtHJbZVmAlXN6oaZX5eXwNdNmwqm8bSrH40=	\N	f	wuhymoluv	Pamela	Compton	f	t	2024-10-02 14:18:49.056995+00	necyje@mailinator.com	CU
150	pbkdf2_sha256$870000$4cNZiO4RsLU2EJ1RNAYbHm$2zA7/z6QPN/ZPzrW0F0L2Qc2hRYOEU4Gs3WI5egUp6M=	\N	f	kigim	Patienceeee	Velasquez	f	t	2024-10-02 14:25:17.642397+00	weqejajqrb@mailinator.com	CU
137	pbkdf2_sha256$870000$BiQPq4VuE34chgkdjtBqfK$lbRAzMfkpFv/0TBYNncrfKC5Z22W/5ErJ2h/40xJYL4=	2024-10-08 15:42:02.455852+00	t	\N			t	t	2024-09-12 19:18:54.068423+00	jessica45@example.net	AD
141	pbkdf2_sha256$870000$zCCV74INpezRkDjwVplXxk$bVe1xhiKLP+7rVOvFpwLqpVOso5m0okfttYRgwG56M8=	2024-10-10 21:14:17.899168+00	t	\N			t	t	2024-09-12 19:19:03.33551+00	dboone@example.com	AD
\.


--
-- Data for Name: cooking_user_groups; Type: TABLE DATA; Schema: public; Owner: default
--

COPY public.cooking_user_groups (id, user_id, group_id) FROM stdin;
\.


--
-- Data for Name: cooking_user_user_permissions; Type: TABLE DATA; Schema: public; Owner: default
--

COPY public.cooking_user_user_permissions (id, user_id, permission_id) FROM stdin;
\.


--
-- Data for Name: django_admin_log; Type: TABLE DATA; Schema: public; Owner: default
--

COPY public.django_admin_log (id, action_time, object_id, object_repr, action_flag, change_message, content_type_id, user_id) FROM stdin;
\.


--
-- Data for Name: django_content_type; Type: TABLE DATA; Schema: public; Owner: default
--

COPY public.django_content_type (id, app_label, model) FROM stdin;
1	admin	logentry
2	auth	permission
3	auth	group
4	contenttypes	contenttype
5	sessions	session
6	cooking	cuisinecategory
7	cooking	dish
8	cooking	ingredient
9	cooking	user
10	cooking	dishcategory
11	cooking	dishreview
12	cooking	dishingredient
13	cooking	recipestep
14	cooking	contact
\.


--
-- Data for Name: django_migrations; Type: TABLE DATA; Schema: public; Owner: default
--

COPY public.django_migrations (id, app, name, applied) FROM stdin;
1	contenttypes	0001_initial	2024-09-12 15:23:28.809866+00
2	contenttypes	0002_remove_content_type_name	2024-09-12 15:23:30.511754+00
3	auth	0001_initial	2024-09-12 15:23:34.37556+00
4	auth	0002_alter_permission_name_max_length	2024-09-12 15:23:34.923758+00
5	auth	0003_alter_user_email_max_length	2024-09-12 15:23:35.199021+00
6	auth	0004_alter_user_username_opts	2024-09-12 15:23:35.784575+00
7	auth	0005_alter_user_last_login_null	2024-09-12 15:23:36.216166+00
8	auth	0006_require_contenttypes_0002	2024-09-12 15:23:36.934252+00
9	auth	0007_alter_validators_add_error_messages	2024-09-12 15:23:37.520282+00
10	auth	0008_alter_user_username_max_length	2024-09-12 15:23:38.08099+00
11	auth	0009_alter_user_last_name_max_length	2024-09-12 15:23:38.64098+00
12	auth	0010_alter_group_name_max_length	2024-09-12 15:23:39.855645+00
13	auth	0011_update_proxy_permissions	2024-09-12 15:23:40.420497+00
14	auth	0012_alter_user_first_name_max_length	2024-09-12 15:23:40.940579+00
15	cooking	0001_initial	2024-09-12 15:23:49.935618+00
16	admin	0001_initial	2024-09-12 15:23:51.390015+00
17	admin	0002_logentry_remove_auto_add	2024-09-12 15:23:51.530543+00
18	admin	0003_logentry_add_action_flag_choices	2024-09-12 15:23:52.167723+00
19	sessions	0001_initial	2024-09-12 15:23:53.453437+00
20	cooking	0002_user_role_alter_user_username	2024-09-12 15:40:30.715563+00
21	cooking	0003_alter_user_managers_remove_dish_price	2024-09-12 18:38:15.698904+00
22	cooking	0004_auto_20240912_1907	2024-09-12 19:23:49.055525+00
23	cooking	0005_remove_dish_image_url_dish_image_ingredient_image	2024-09-19 12:31:59.885555+00
24	cooking	0006_dish_rating	2024-09-19 13:12:58.343466+00
25	cooking	0007_dish_cooking_time	2024-09-19 15:15:32.486318+00
26	cooking	0008_alter_recipestep_dish	2024-09-19 15:57:55.702822+00
27	cooking	0009_remove_dish_rating	2024-09-19 16:31:13.915495+00
28	cooking	0010_contact	2024-09-24 16:13:17.50946+00
29	cooking	0011_contact_created_at	2024-09-24 16:14:59.623372+00
30	cooking	0012_rename_subject_contact_message	2024-09-24 16:20:05.985197+00
31	cooking	0013_remove_contact_phone_numer_contact_phone_number_and_more	2024-09-24 17:27:02.678148+00
32	cooking	0014_alter_contact_phone_number	2024-09-24 17:44:21.105327+00
33	cooking	0015_alter_user_first_name_alter_user_last_name	2024-10-01 19:37:23.440008+00
34	cooking	0016_user_active	2024-10-01 20:40:48.317266+00
35	cooking	0017_remove_user_active	2024-10-02 14:15:07.523718+00
36	cooking	0018_contact_seen	2024-10-02 16:40:55.60418+00
37	cooking	0019_alter_cuisinecategory_name	2024-10-08 14:44:04.170189+00
\.


--
-- Data for Name: django_session; Type: TABLE DATA; Schema: public; Owner: default
--

COPY public.django_session (session_key, session_data, expire_date) FROM stdin;
6icwni9m7hvgckvn1q8514cljbx1if4u	.eJxVy00KwjAQQOG7ZC0lk_-4FDxHmEwmJlRbMHYl3l2FLnT7Pt5TJNweLW2D76kXcRSgvTj81ow08_IlWte5L5dpL2M637BfT7v_TQ1H-xzK55hD1aDJEEusBAHIYiwsNURlsjNBFswM3gV2NmhZVeVqI4CkIF5vTgkzpw:1svjpz:uWJ0rTG9LA-Q6yG9WXSuKNmSxmkGVw2zUVCVp8R5ZAE	2024-10-15 20:51:15.319006+00
w45crog265btgwdj0z8f66r9riubyzhm	.eJxVy0EOwiAQQNG7sDYNMwxIXZp4DjLAVEi1TcSuTO_emnSh2__yPyrw8i5hafIKNauLAgJ1-q2R0yjTl9I8j3W6d0dp3e3J9XE9_G8q3Mp-IGqCyEAukTfgkrXARsTFwfgdgRJ6QRJjI_fiJevBIsdeo7hzRrVuIRkzKQ:1swrLc:xZdxS-e1EH6BP3B-QL29h2ggtgQs-IqRUn4duL6zoqs	2024-10-18 23:04:32.685829+00
de7lu0aeyn748j9s4nlu9s5598r99qxk	.eJxVy0EOwiAQQNG7sDYNMwxIXZp4DjLAVEi1TcSuTO_emnSh2__yPyrw8i5hafIKNauLAgJ1-q2R0yjTl9I8j3W6d0dp3e3J9XE9_G8q3Mp-IGqCyEAukTfgkrXARsTFwfgdgRJ6QRJjI_fiJevBIsdeo7hzRrVuIRkzKQ:1sxDvr:QqQlKUUwzGssIQmBA3Cs0GAsvEGonqGbaT5BoSPBgds	2024-10-19 23:11:27.79095+00
38pvzzb0pxz02c8rfh9t6jqzyn7i9g44	.eJxVy00KwjAQQOG7ZC0lk_-4FDxHmEwmJlRbMHYl3l2FLnT7Pt5TJNweLW2D76kXcRSgvTj81ow08_IlWte5L5dpL2M637BfT7v_TQ1H-xzK55hD1aDJEEusBAHIYiwsNURlsjNBFswM3gV2NmhZVeVqI4CkIF5vTgkzpw:1syCLa:EuO-FC6tEhNozydQTfD0QQ6h5kRGzUcafL-komfzllU	2024-10-22 15:42:02.669593+00
bjw4am8r0hdsa8je2rep0u5zhhbg68d4	.eJxVy0EOwiAQQNG7sDYNMwxIXZp4DjLAVEi1TcSuTO_emnSh2__yPyrw8i5hafIKNauLAgJ1-q2R0yjTl9I8j3W6d0dp3e3J9XE9_G8q3Mp-IGqCyEAukTfgkrXARsTFwfgdgRJ6QRJjI_fiJevBIsdeo7hzRrVuIRkzKQ:1syDTg:9V-1N8n7vuP0yTrL0hzilDj7bRKgCfZ-jx_CghzZE2o	2024-10-22 16:54:28.657069+00
jbjje54ba4si2prw1itu50306xam4h86	.eJxVy0EOwiAQQNG7sDYNMwxIXZp4DjLAVEi1TcSuTO_emnSh2__yPyrw8i5hafIKNauLAgJ1-q2R0yjTl9I8j3W6d0dp3e3J9XE9_G8q3Mp-IGqCyEAukTfgkrXARsTFwfgdgRJ6QRJjI_fiJevBIsdeo7hzRrVuIRkzKQ:1sz0UD:TO5NXL4gCqE9Fx_NhafHpj-x9AMPACHV9K_g8duvozs	2024-10-24 21:14:17.906215+00
\.


--
-- Name: auth_group_id_seq; Type: SEQUENCE SET; Schema: public; Owner: default
--

SELECT pg_catalog.setval('public.auth_group_id_seq', 1, false);


--
-- Name: auth_group_permissions_id_seq; Type: SEQUENCE SET; Schema: public; Owner: default
--

SELECT pg_catalog.setval('public.auth_group_permissions_id_seq', 1, false);


--
-- Name: auth_permission_id_seq; Type: SEQUENCE SET; Schema: public; Owner: default
--

SELECT pg_catalog.setval('public.auth_permission_id_seq', 56, true);


--
-- Name: cooking_contact_id_seq; Type: SEQUENCE SET; Schema: public; Owner: default
--

SELECT pg_catalog.setval('public.cooking_contact_id_seq', 3, true);


--
-- Name: cooking_cuisinecategory_id_seq; Type: SEQUENCE SET; Schema: public; Owner: default
--

SELECT pg_catalog.setval('public.cooking_cuisinecategory_id_seq', 24, true);


--
-- Name: cooking_dish_id_seq; Type: SEQUENCE SET; Schema: public; Owner: default
--

SELECT pg_catalog.setval('public.cooking_dish_id_seq', 127, true);


--
-- Name: cooking_dishcategory_id_seq; Type: SEQUENCE SET; Schema: public; Owner: default
--

SELECT pg_catalog.setval('public.cooking_dishcategory_id_seq', 655, true);


--
-- Name: cooking_dishingredient_id_seq; Type: SEQUENCE SET; Schema: public; Owner: default
--

SELECT pg_catalog.setval('public.cooking_dishingredient_id_seq', 1889, true);


--
-- Name: cooking_dishreview_id_seq; Type: SEQUENCE SET; Schema: public; Owner: default
--

SELECT pg_catalog.setval('public.cooking_dishreview_id_seq', 1, false);


--
-- Name: cooking_ingredient_id_seq; Type: SEQUENCE SET; Schema: public; Owner: default
--

SELECT pg_catalog.setval('public.cooking_ingredient_id_seq', 61, true);


--
-- Name: cooking_recipestep_id_seq; Type: SEQUENCE SET; Schema: public; Owner: default
--

SELECT pg_catalog.setval('public.cooking_recipestep_id_seq', 50, true);


--
-- Name: cooking_user_groups_id_seq; Type: SEQUENCE SET; Schema: public; Owner: default
--

SELECT pg_catalog.setval('public.cooking_user_groups_id_seq', 1, false);


--
-- Name: cooking_user_id_seq; Type: SEQUENCE SET; Schema: public; Owner: default
--

SELECT pg_catalog.setval('public.cooking_user_id_seq', 150, true);


--
-- Name: cooking_user_user_permissions_id_seq; Type: SEQUENCE SET; Schema: public; Owner: default
--

SELECT pg_catalog.setval('public.cooking_user_user_permissions_id_seq', 1, false);


--
-- Name: django_admin_log_id_seq; Type: SEQUENCE SET; Schema: public; Owner: default
--

SELECT pg_catalog.setval('public.django_admin_log_id_seq', 1, false);


--
-- Name: django_content_type_id_seq; Type: SEQUENCE SET; Schema: public; Owner: default
--

SELECT pg_catalog.setval('public.django_content_type_id_seq', 14, true);


--
-- Name: django_migrations_id_seq; Type: SEQUENCE SET; Schema: public; Owner: default
--

SELECT pg_catalog.setval('public.django_migrations_id_seq', 37, true);


--
-- Name: auth_group auth_group_name_key; Type: CONSTRAINT; Schema: public; Owner: default
--

ALTER TABLE ONLY public.auth_group
    ADD CONSTRAINT auth_group_name_key UNIQUE (name);


--
-- Name: auth_group_permissions auth_group_permissions_group_id_permission_id_0cd325b0_uniq; Type: CONSTRAINT; Schema: public; Owner: default
--

ALTER TABLE ONLY public.auth_group_permissions
    ADD CONSTRAINT auth_group_permissions_group_id_permission_id_0cd325b0_uniq UNIQUE (group_id, permission_id);


--
-- Name: auth_group_permissions auth_group_permissions_pkey; Type: CONSTRAINT; Schema: public; Owner: default
--

ALTER TABLE ONLY public.auth_group_permissions
    ADD CONSTRAINT auth_group_permissions_pkey PRIMARY KEY (id);


--
-- Name: auth_group auth_group_pkey; Type: CONSTRAINT; Schema: public; Owner: default
--

ALTER TABLE ONLY public.auth_group
    ADD CONSTRAINT auth_group_pkey PRIMARY KEY (id);


--
-- Name: auth_permission auth_permission_content_type_id_codename_01ab375a_uniq; Type: CONSTRAINT; Schema: public; Owner: default
--

ALTER TABLE ONLY public.auth_permission
    ADD CONSTRAINT auth_permission_content_type_id_codename_01ab375a_uniq UNIQUE (content_type_id, codename);


--
-- Name: auth_permission auth_permission_pkey; Type: CONSTRAINT; Schema: public; Owner: default
--

ALTER TABLE ONLY public.auth_permission
    ADD CONSTRAINT auth_permission_pkey PRIMARY KEY (id);


--
-- Name: cooking_contact cooking_contact_pkey; Type: CONSTRAINT; Schema: public; Owner: default
--

ALTER TABLE ONLY public.cooking_contact
    ADD CONSTRAINT cooking_contact_pkey PRIMARY KEY (id);


--
-- Name: cooking_cuisinecategory cooking_cuisinecategory_name_98b9244b_uniq; Type: CONSTRAINT; Schema: public; Owner: default
--

ALTER TABLE ONLY public.cooking_cuisinecategory
    ADD CONSTRAINT cooking_cuisinecategory_name_98b9244b_uniq UNIQUE (name);


--
-- Name: cooking_cuisinecategory cooking_cuisinecategory_pkey; Type: CONSTRAINT; Schema: public; Owner: default
--

ALTER TABLE ONLY public.cooking_cuisinecategory
    ADD CONSTRAINT cooking_cuisinecategory_pkey PRIMARY KEY (id);


--
-- Name: cooking_dish cooking_dish_pkey; Type: CONSTRAINT; Schema: public; Owner: default
--

ALTER TABLE ONLY public.cooking_dish
    ADD CONSTRAINT cooking_dish_pkey PRIMARY KEY (id);


--
-- Name: cooking_dishcategory cooking_dishcategory_pkey; Type: CONSTRAINT; Schema: public; Owner: default
--

ALTER TABLE ONLY public.cooking_dishcategory
    ADD CONSTRAINT cooking_dishcategory_pkey PRIMARY KEY (id);


--
-- Name: cooking_dishingredient cooking_dishingredient_pkey; Type: CONSTRAINT; Schema: public; Owner: default
--

ALTER TABLE ONLY public.cooking_dishingredient
    ADD CONSTRAINT cooking_dishingredient_pkey PRIMARY KEY (id);


--
-- Name: cooking_dishreview cooking_dishreview_pkey; Type: CONSTRAINT; Schema: public; Owner: default
--

ALTER TABLE ONLY public.cooking_dishreview
    ADD CONSTRAINT cooking_dishreview_pkey PRIMARY KEY (id);


--
-- Name: cooking_ingredient cooking_ingredient_pkey; Type: CONSTRAINT; Schema: public; Owner: default
--

ALTER TABLE ONLY public.cooking_ingredient
    ADD CONSTRAINT cooking_ingredient_pkey PRIMARY KEY (id);


--
-- Name: cooking_recipestep cooking_recipestep_pkey; Type: CONSTRAINT; Schema: public; Owner: default
--

ALTER TABLE ONLY public.cooking_recipestep
    ADD CONSTRAINT cooking_recipestep_pkey PRIMARY KEY (id);


--
-- Name: cooking_user cooking_user_email_key; Type: CONSTRAINT; Schema: public; Owner: default
--

ALTER TABLE ONLY public.cooking_user
    ADD CONSTRAINT cooking_user_email_key UNIQUE (email);


--
-- Name: cooking_user_groups cooking_user_groups_pkey; Type: CONSTRAINT; Schema: public; Owner: default
--

ALTER TABLE ONLY public.cooking_user_groups
    ADD CONSTRAINT cooking_user_groups_pkey PRIMARY KEY (id);


--
-- Name: cooking_user_groups cooking_user_groups_user_id_group_id_cafb5a3a_uniq; Type: CONSTRAINT; Schema: public; Owner: default
--

ALTER TABLE ONLY public.cooking_user_groups
    ADD CONSTRAINT cooking_user_groups_user_id_group_id_cafb5a3a_uniq UNIQUE (user_id, group_id);


--
-- Name: cooking_user cooking_user_pkey; Type: CONSTRAINT; Schema: public; Owner: default
--

ALTER TABLE ONLY public.cooking_user
    ADD CONSTRAINT cooking_user_pkey PRIMARY KEY (id);


--
-- Name: cooking_user_user_permissions cooking_user_user_permis_user_id_permission_id_7454ad71_uniq; Type: CONSTRAINT; Schema: public; Owner: default
--

ALTER TABLE ONLY public.cooking_user_user_permissions
    ADD CONSTRAINT cooking_user_user_permis_user_id_permission_id_7454ad71_uniq UNIQUE (user_id, permission_id);


--
-- Name: cooking_user_user_permissions cooking_user_user_permissions_pkey; Type: CONSTRAINT; Schema: public; Owner: default
--

ALTER TABLE ONLY public.cooking_user_user_permissions
    ADD CONSTRAINT cooking_user_user_permissions_pkey PRIMARY KEY (id);


--
-- Name: cooking_user cooking_user_username_key; Type: CONSTRAINT; Schema: public; Owner: default
--

ALTER TABLE ONLY public.cooking_user
    ADD CONSTRAINT cooking_user_username_key UNIQUE (username);


--
-- Name: django_admin_log django_admin_log_pkey; Type: CONSTRAINT; Schema: public; Owner: default
--

ALTER TABLE ONLY public.django_admin_log
    ADD CONSTRAINT django_admin_log_pkey PRIMARY KEY (id);


--
-- Name: django_content_type django_content_type_app_label_model_76bd3d3b_uniq; Type: CONSTRAINT; Schema: public; Owner: default
--

ALTER TABLE ONLY public.django_content_type
    ADD CONSTRAINT django_content_type_app_label_model_76bd3d3b_uniq UNIQUE (app_label, model);


--
-- Name: django_content_type django_content_type_pkey; Type: CONSTRAINT; Schema: public; Owner: default
--

ALTER TABLE ONLY public.django_content_type
    ADD CONSTRAINT django_content_type_pkey PRIMARY KEY (id);


--
-- Name: django_migrations django_migrations_pkey; Type: CONSTRAINT; Schema: public; Owner: default
--

ALTER TABLE ONLY public.django_migrations
    ADD CONSTRAINT django_migrations_pkey PRIMARY KEY (id);


--
-- Name: django_session django_session_pkey; Type: CONSTRAINT; Schema: public; Owner: default
--

ALTER TABLE ONLY public.django_session
    ADD CONSTRAINT django_session_pkey PRIMARY KEY (session_key);


--
-- Name: auth_group_name_a6ea08ec_like; Type: INDEX; Schema: public; Owner: default
--

CREATE INDEX auth_group_name_a6ea08ec_like ON public.auth_group USING btree (name varchar_pattern_ops);


--
-- Name: auth_group_permissions_group_id_b120cbf9; Type: INDEX; Schema: public; Owner: default
--

CREATE INDEX auth_group_permissions_group_id_b120cbf9 ON public.auth_group_permissions USING btree (group_id);


--
-- Name: auth_group_permissions_permission_id_84c5c92e; Type: INDEX; Schema: public; Owner: default
--

CREATE INDEX auth_group_permissions_permission_id_84c5c92e ON public.auth_group_permissions USING btree (permission_id);


--
-- Name: auth_permission_content_type_id_2f476e4b; Type: INDEX; Schema: public; Owner: default
--

CREATE INDEX auth_permission_content_type_id_2f476e4b ON public.auth_permission USING btree (content_type_id);


--
-- Name: cooking_cuisinecategory_name_98b9244b_like; Type: INDEX; Schema: public; Owner: default
--

CREATE INDEX cooking_cuisinecategory_name_98b9244b_like ON public.cooking_cuisinecategory USING btree (name varchar_pattern_ops);


--
-- Name: cooking_dishcategory_category_id_edd81e01; Type: INDEX; Schema: public; Owner: default
--

CREATE INDEX cooking_dishcategory_category_id_edd81e01 ON public.cooking_dishcategory USING btree (category_id);


--
-- Name: cooking_dishcategory_dish_id_1387c3f7; Type: INDEX; Schema: public; Owner: default
--

CREATE INDEX cooking_dishcategory_dish_id_1387c3f7 ON public.cooking_dishcategory USING btree (dish_id);


--
-- Name: cooking_dishingredient_dish_id_6967d374; Type: INDEX; Schema: public; Owner: default
--

CREATE INDEX cooking_dishingredient_dish_id_6967d374 ON public.cooking_dishingredient USING btree (dish_id);


--
-- Name: cooking_dishingredient_ingredient_id_1ee0513f; Type: INDEX; Schema: public; Owner: default
--

CREATE INDEX cooking_dishingredient_ingredient_id_1ee0513f ON public.cooking_dishingredient USING btree (ingredient_id);


--
-- Name: cooking_dishreview_customer_id_cc0a21c8; Type: INDEX; Schema: public; Owner: default
--

CREATE INDEX cooking_dishreview_customer_id_cc0a21c8 ON public.cooking_dishreview USING btree (customer_id);


--
-- Name: cooking_dishreview_dish_id_a57e0c0e; Type: INDEX; Schema: public; Owner: default
--

CREATE INDEX cooking_dishreview_dish_id_a57e0c0e ON public.cooking_dishreview USING btree (dish_id);


--
-- Name: cooking_recipestep_dish_id_4fe1f1d9; Type: INDEX; Schema: public; Owner: default
--

CREATE INDEX cooking_recipestep_dish_id_4fe1f1d9 ON public.cooking_recipestep USING btree (dish_id);


--
-- Name: cooking_user_email_7b85d4b1_like; Type: INDEX; Schema: public; Owner: default
--

CREATE INDEX cooking_user_email_7b85d4b1_like ON public.cooking_user USING btree (email varchar_pattern_ops);


--
-- Name: cooking_user_groups_group_id_0e985083; Type: INDEX; Schema: public; Owner: default
--

CREATE INDEX cooking_user_groups_group_id_0e985083 ON public.cooking_user_groups USING btree (group_id);


--
-- Name: cooking_user_groups_user_id_4a3899ca; Type: INDEX; Schema: public; Owner: default
--

CREATE INDEX cooking_user_groups_user_id_4a3899ca ON public.cooking_user_groups USING btree (user_id);


--
-- Name: cooking_user_user_permissions_permission_id_fa3d8e83; Type: INDEX; Schema: public; Owner: default
--

CREATE INDEX cooking_user_user_permissions_permission_id_fa3d8e83 ON public.cooking_user_user_permissions USING btree (permission_id);


--
-- Name: cooking_user_user_permissions_user_id_a5e342fd; Type: INDEX; Schema: public; Owner: default
--

CREATE INDEX cooking_user_user_permissions_user_id_a5e342fd ON public.cooking_user_user_permissions USING btree (user_id);


--
-- Name: cooking_user_username_3bc5e9a2_like; Type: INDEX; Schema: public; Owner: default
--

CREATE INDEX cooking_user_username_3bc5e9a2_like ON public.cooking_user USING btree (username varchar_pattern_ops);


--
-- Name: django_admin_log_content_type_id_c4bce8eb; Type: INDEX; Schema: public; Owner: default
--

CREATE INDEX django_admin_log_content_type_id_c4bce8eb ON public.django_admin_log USING btree (content_type_id);


--
-- Name: django_admin_log_user_id_c564eba6; Type: INDEX; Schema: public; Owner: default
--

CREATE INDEX django_admin_log_user_id_c564eba6 ON public.django_admin_log USING btree (user_id);


--
-- Name: django_session_expire_date_a5c62663; Type: INDEX; Schema: public; Owner: default
--

CREATE INDEX django_session_expire_date_a5c62663 ON public.django_session USING btree (expire_date);


--
-- Name: django_session_session_key_c0390e0f_like; Type: INDEX; Schema: public; Owner: default
--

CREATE INDEX django_session_session_key_c0390e0f_like ON public.django_session USING btree (session_key varchar_pattern_ops);


--
-- Name: auth_group_permissions auth_group_permissio_permission_id_84c5c92e_fk_auth_perm; Type: FK CONSTRAINT; Schema: public; Owner: default
--

ALTER TABLE ONLY public.auth_group_permissions
    ADD CONSTRAINT auth_group_permissio_permission_id_84c5c92e_fk_auth_perm FOREIGN KEY (permission_id) REFERENCES public.auth_permission(id) DEFERRABLE INITIALLY DEFERRED;


--
-- Name: auth_group_permissions auth_group_permissions_group_id_b120cbf9_fk_auth_group_id; Type: FK CONSTRAINT; Schema: public; Owner: default
--

ALTER TABLE ONLY public.auth_group_permissions
    ADD CONSTRAINT auth_group_permissions_group_id_b120cbf9_fk_auth_group_id FOREIGN KEY (group_id) REFERENCES public.auth_group(id) DEFERRABLE INITIALLY DEFERRED;


--
-- Name: auth_permission auth_permission_content_type_id_2f476e4b_fk_django_co; Type: FK CONSTRAINT; Schema: public; Owner: default
--

ALTER TABLE ONLY public.auth_permission
    ADD CONSTRAINT auth_permission_content_type_id_2f476e4b_fk_django_co FOREIGN KEY (content_type_id) REFERENCES public.django_content_type(id) DEFERRABLE INITIALLY DEFERRED;


--
-- Name: cooking_dishcategory cooking_dishcategory_category_id_edd81e01_fk_cooking_c; Type: FK CONSTRAINT; Schema: public; Owner: default
--

ALTER TABLE ONLY public.cooking_dishcategory
    ADD CONSTRAINT cooking_dishcategory_category_id_edd81e01_fk_cooking_c FOREIGN KEY (category_id) REFERENCES public.cooking_cuisinecategory(id) DEFERRABLE INITIALLY DEFERRED;


--
-- Name: cooking_dishcategory cooking_dishcategory_dish_id_1387c3f7_fk_cooking_dish_id; Type: FK CONSTRAINT; Schema: public; Owner: default
--

ALTER TABLE ONLY public.cooking_dishcategory
    ADD CONSTRAINT cooking_dishcategory_dish_id_1387c3f7_fk_cooking_dish_id FOREIGN KEY (dish_id) REFERENCES public.cooking_dish(id) DEFERRABLE INITIALLY DEFERRED;


--
-- Name: cooking_dishingredient cooking_dishingredie_ingredient_id_1ee0513f_fk_cooking_i; Type: FK CONSTRAINT; Schema: public; Owner: default
--

ALTER TABLE ONLY public.cooking_dishingredient
    ADD CONSTRAINT cooking_dishingredie_ingredient_id_1ee0513f_fk_cooking_i FOREIGN KEY (ingredient_id) REFERENCES public.cooking_ingredient(id) DEFERRABLE INITIALLY DEFERRED;


--
-- Name: cooking_dishingredient cooking_dishingredient_dish_id_6967d374_fk_cooking_dish_id; Type: FK CONSTRAINT; Schema: public; Owner: default
--

ALTER TABLE ONLY public.cooking_dishingredient
    ADD CONSTRAINT cooking_dishingredient_dish_id_6967d374_fk_cooking_dish_id FOREIGN KEY (dish_id) REFERENCES public.cooking_dish(id) DEFERRABLE INITIALLY DEFERRED;


--
-- Name: cooking_dishreview cooking_dishreview_customer_id_cc0a21c8_fk_cooking_user_id; Type: FK CONSTRAINT; Schema: public; Owner: default
--

ALTER TABLE ONLY public.cooking_dishreview
    ADD CONSTRAINT cooking_dishreview_customer_id_cc0a21c8_fk_cooking_user_id FOREIGN KEY (customer_id) REFERENCES public.cooking_user(id) DEFERRABLE INITIALLY DEFERRED;


--
-- Name: cooking_dishreview cooking_dishreview_dish_id_a57e0c0e_fk_cooking_dish_id; Type: FK CONSTRAINT; Schema: public; Owner: default
--

ALTER TABLE ONLY public.cooking_dishreview
    ADD CONSTRAINT cooking_dishreview_dish_id_a57e0c0e_fk_cooking_dish_id FOREIGN KEY (dish_id) REFERENCES public.cooking_dish(id) DEFERRABLE INITIALLY DEFERRED;


--
-- Name: cooking_recipestep cooking_recipestep_dish_id_4fe1f1d9_fk_cooking_dish_id; Type: FK CONSTRAINT; Schema: public; Owner: default
--

ALTER TABLE ONLY public.cooking_recipestep
    ADD CONSTRAINT cooking_recipestep_dish_id_4fe1f1d9_fk_cooking_dish_id FOREIGN KEY (dish_id) REFERENCES public.cooking_dish(id) DEFERRABLE INITIALLY DEFERRED;


--
-- Name: cooking_user_groups cooking_user_groups_group_id_0e985083_fk_auth_group_id; Type: FK CONSTRAINT; Schema: public; Owner: default
--

ALTER TABLE ONLY public.cooking_user_groups
    ADD CONSTRAINT cooking_user_groups_group_id_0e985083_fk_auth_group_id FOREIGN KEY (group_id) REFERENCES public.auth_group(id) DEFERRABLE INITIALLY DEFERRED;


--
-- Name: cooking_user_groups cooking_user_groups_user_id_4a3899ca_fk_cooking_user_id; Type: FK CONSTRAINT; Schema: public; Owner: default
--

ALTER TABLE ONLY public.cooking_user_groups
    ADD CONSTRAINT cooking_user_groups_user_id_4a3899ca_fk_cooking_user_id FOREIGN KEY (user_id) REFERENCES public.cooking_user(id) DEFERRABLE INITIALLY DEFERRED;


--
-- Name: cooking_user_user_permissions cooking_user_user_pe_permission_id_fa3d8e83_fk_auth_perm; Type: FK CONSTRAINT; Schema: public; Owner: default
--

ALTER TABLE ONLY public.cooking_user_user_permissions
    ADD CONSTRAINT cooking_user_user_pe_permission_id_fa3d8e83_fk_auth_perm FOREIGN KEY (permission_id) REFERENCES public.auth_permission(id) DEFERRABLE INITIALLY DEFERRED;


--
-- Name: cooking_user_user_permissions cooking_user_user_pe_user_id_a5e342fd_fk_cooking_u; Type: FK CONSTRAINT; Schema: public; Owner: default
--

ALTER TABLE ONLY public.cooking_user_user_permissions
    ADD CONSTRAINT cooking_user_user_pe_user_id_a5e342fd_fk_cooking_u FOREIGN KEY (user_id) REFERENCES public.cooking_user(id) DEFERRABLE INITIALLY DEFERRED;


--
-- Name: django_admin_log django_admin_log_content_type_id_c4bce8eb_fk_django_co; Type: FK CONSTRAINT; Schema: public; Owner: default
--

ALTER TABLE ONLY public.django_admin_log
    ADD CONSTRAINT django_admin_log_content_type_id_c4bce8eb_fk_django_co FOREIGN KEY (content_type_id) REFERENCES public.django_content_type(id) DEFERRABLE INITIALLY DEFERRED;


--
-- Name: django_admin_log django_admin_log_user_id_c564eba6_fk_cooking_user_id; Type: FK CONSTRAINT; Schema: public; Owner: default
--

ALTER TABLE ONLY public.django_admin_log
    ADD CONSTRAINT django_admin_log_user_id_c564eba6_fk_cooking_user_id FOREIGN KEY (user_id) REFERENCES public.cooking_user(id) DEFERRABLE INITIALLY DEFERRED;


--
-- Name: DEFAULT PRIVILEGES FOR SEQUENCES; Type: DEFAULT ACL; Schema: public; Owner: cloud_admin
--

ALTER DEFAULT PRIVILEGES FOR ROLE cloud_admin IN SCHEMA public GRANT ALL ON SEQUENCES TO neon_superuser WITH GRANT OPTION;


--
-- Name: DEFAULT PRIVILEGES FOR TABLES; Type: DEFAULT ACL; Schema: public; Owner: cloud_admin
--

ALTER DEFAULT PRIVILEGES FOR ROLE cloud_admin IN SCHEMA public GRANT SELECT,INSERT,REFERENCES,DELETE,TRIGGER,TRUNCATE,UPDATE ON TABLES TO neon_superuser WITH GRANT OPTION;


--
-- PostgreSQL database dump complete
--

